Frame,Deformation (mm)
0,0.0
1,0.5813254864485119
2,0.5813254864485119
3,2.0959988301522383
4,1.1626509728970238
5,0.8221183730186655
6,0.5813254864485119
7,0.8221183730186655
8,0.0
9,0.0
10,1.2998833238371597
11,0.8221183730186655
12,0.8221183730186655
13,1.1626509728970238
14,0.5813254864485119
15,1.7439764593455358
16,1.2998833238371597
17,1.1626509728970238
18,1.2998833238371597
19,1.2998833238371597
20,1.2998833238371597
21,1.2998833238371597
22,1.7439764593455358
23,1.1626509728970238
24,1.2998833238371597
25,1.2998833238371597
26,1.2998833238371597
27,1.2998833238371597
28,0.8221183730186655
29,0.5813254864485119
30,0.5813254864485119
31,1.2998833238371597
32,1.7439764593455358
33,1.7439764593455358
34,1.838312621375586
35,1.7439764593455358
36,1.2998833238371597
37,1.7439764593455358
38,1.7439764593455358
39,1.7439764593455358
40,1.7439764593455358
41,1.7439764593455358
42,1.2998833238371597
43,1.2998833238371597
44,1.2998833238371597
45,1.2998833238371597
46,1.2998833238371597
47,1.2998833238371597
48,1.1626509728970238
49,1.838312621375586
50,1.2998833238371597
51,2.0959988301522383
52,1.2998833238371597
53,1.2998833238371597
54,1.7439764593455358
55,1.2998833238371597
56,1.2998833238371597
57,1.644236746037331
58,1.838312621375586
59,1.644236746037331
60,2.3968663255633245
61,2.0959988301522383
62,1.2998833238371597
63,1.2998833238371597
64,1.2998833238371597
65,1.2998833238371597
66,1.2998833238371597
67,1.2998833238371597
68,2.0959988301522383
69,2.0959988301522383
70,2.0959988301522383
71,2.0959988301522383
72,2.4663550497565985
73,2.0959988301522383
74,2.0959988301522383
75,3.389680828038736
76,3.288473492074662
77,2.9066274322425594
78,3.288473492074662
79,2.9066274322425594
80,2.9066274322425594
81,2.5997666476743193
82,2.0959988301522383
83,1.1626509728970238
84,2.0959988301522383
85,2.0959988301522383
86,1.2998833238371597
87,2.4663550497565985
88,2.0959988301522383
89,2.3968663255633245
90,1.2998833238371597
91,2.9066274322425594
92,2.9066274322425594
93,2.9066274322425594
94,3.288473492074662
95,3.389680828038736
96,2.4663550497565985
97,3.288473492074662
98,3.288473492074662
99,3.288473492074662
100,3.288473492074662
101,3.288473492074662
102,3.288473492074662
103,3.389680828038736
104,3.389680828038736
105,2.5997666476743193
106,2.9066274322425594
107,2.5997666476743193
108,2.5997666476743193
109,2.4663550497565985
110,2.5997666476743193
111,2.9066274322425594
112,2.9066274322425594
113,2.9066274322425594
114,3.1305335107496486
115,3.389680828038736
116,2.964190007196789
117,2.964190007196789
118,2.3968663255633245
119,2.5997666476743193
120,2.9066274322425594
121,2.9066274322425594
122,3.288473492074662
123,2.9066274322425594
124,2.9066274322425594
125,2.9066274322425594
126,3.288473492074662
127,3.288473492074662
128,3.288473492074662
129,3.288473492074662
130,2.5997666476743193
131,2.9066274322425594
132,2.9066274322425594
133,2.9066274322425594
134,2.4663550497565985
135,2.4663550497565985
136,1.838312621375586
137,1.838312621375586
138,1.1626509728970238
139,1.1626509728970238
140,1.2998833238371597
141,1.1626509728970238
142,1.1626509728970238
143,1.2998833238371597
144,1.1626509728970238
145,0.8221183730186655
146,0.8221183730186655
147,1.2998833238371597
148,1.2998833238371597
149,2.0959988301522383
150,1.2998833238371597
151,2.4663550497565985
152,2.4663550497565985
153,2.4663550497565985
154,2.0959988301522383
155,2.0959988301522383
156,1.838312621375586
157,1.2998833238371597
158,1.2998833238371597
159,1.2998833238371597
160,1.2998833238371597
161,1.2998833238371597
162,1.2998833238371597
163,1.2998833238371597
164,1.2998833238371597
165,1.2998833238371597
166,1.2998833238371597
167,1.1626509728970238
168,1.1626509728970238
169,1.1626509728970238
170,0.8221183730186655
171,1.1626509728970238
172,1.1626509728970238
173,1.1626509728970238
174,1.1626509728970238
175,1.1626509728970238
176,1.2998833238371597
177,1.1626509728970238
178,1.2998833238371597
179,1.1626509728970238
180,1.1626509728970238
181,1.2998833238371597
182,1.2998833238371597
183,1.2998833238371597
184,1.2998833238371597
185,0.0
186,1.2998833238371597
187,1.2998833238371597
188,1.2998833238371597
189,1.2998833238371597
190,1.2998833238371597
191,1.2998833238371597
192,2.3968663255633245
193,1.2998833238371597
194,1.2998833238371597
195,1.7439764593455358
196,0.8221183730186655
197,0.8221183730186655
198,1.2998833238371597
199,1.2998833238371597
200,1.2998833238371597
201,1.2998833238371597
202,1.2998833238371597
203,1.2998833238371597
204,1.2998833238371597
205,1.2998833238371597
206,1.2998833238371597
207,1.2998833238371597
208,1.2998833238371597
209,1.2998833238371597
210,2.9066274322425594
211,2.9066274322425594
212,2.9066274322425594
213,2.5997666476743193
214,2.4663550497565985
215,2.5997666476743193
216,2.9066274322425594
217,2.9066274322425594
218,2.9066274322425594
219,2.9066274322425594
220,2.9066274322425594
221,2.9066274322425594
222,2.0959988301522383
223,2.4663550497565985
224,3.288473492074662
225,3.288473492074662
226,3.288473492074662
227,23.749121098831957
228,22.641863075329148
229,13.558723312154944
230,4.686795918113909
231,4.966846983084885
232,7.000085783415098
233,6.179574809938546
234,5.842248623917229
235,4.427243060746337
236,7.57955681796678
237,4.966846983084885
238,6.261067021499297
239,4.793732651126649
240,6.287996767654308
241,6.628130410897014
242,5.813254864485119
243,5.985112382556924
248,6.287996767654308
249,6.287996767654308
250,5.985112382556924
251,5.514937586929165
252,4.966846983084885
253,4.966846983084885
254,6.261067021499297
255,5.985112382556924
256,6.287996767654308
257,6.069216349838442
258,5.514937586929165
259,5.514937586929165
260,4.966846983084885
261,4.966846983084885
262,4.966846983084885
263,4.966846983084885
264,4.966846983084885
265,4.966846983084885
266,4.966846983084885
267,4.966846983084885
268,4.966846983084885
269,4.966846983084885
270,4.966846983084885
271,5.484213560121867
272,5.484213560121867
273,5.199533295348639
274,5.199533295348639
275,5.199533295348639
276,4.966846983084885
277,5.199533295348639
278,4.966846983084885
279,4.966846983084885
280,4.966846983084885
281,4.966846983084885
282,5.199533295348639
283,5.199533295348639
284,5.199533295348639
285,5.199533295348639
286,5.199533295348639
287,5.199533295348639
288,5.199533295348639
289,5.484213560121867
290,5.484213560121867
291,5.484213560121867
292,5.484213560121867
293,5.484213560121867
294,5.199533295348639
295,5.484213560121867
296,5.199533295348639
297,5.199533295348639
298,5.199533295348639
299,5.199533295348639
300,5.484213560121867
301,5.484213560121867
302,5.484213560121867
303,5.484213560121867
304,5.484213560121867
305,5.484213560121867
306,5.484213560121867
307,5.484213560121867
308,5.199533295348639
309,5.484213560121867
310,5.484213560121867
311,5.199533295348639
312,5.199533295348639
313,4.686795918113909
314,4.686795918113909
315,4.686795918113909
316,4.686795918113909
317,4.427243060746337
318,3.899649832912683
319,3.899649832912683
320,4.427243060746337
321,3.676625242751172
322,3.899649832912683
323,3.899649832912683
324,3.899649832912683
325,5.842248623917229
326,29.925560249599062
327,23.253019457940475
328,12.749463788976199
329,7.024182570170168
330,7.000085783415098
331,7.906881714834491
332,7.190599253887567
333,7.07212999221777
334,10.671717034331698
335,8.076031566818369
336,7.190599253887567
337,7.57955681796678
338,7.353250485502344
339,7.353250485502344
340,7.353250485502344
341,8.32331454993164
342,8.383995320608953
343,8.383995320608953
344,8.383995320608953
346,7.07212999221777
347,6.420949603555698
348,5.842248623917229
349,6.628130410897014
350,6.804240140044659
351,5.484213560121867
352,6.261067021499297
353,5.72539209784321
354,5.72539209784321
355,5.484213560121867
356,5.72539209784321
357,5.72539209784321
358,5.484213560121867
359,6.287996767654308
360,5.484213560121867
361,5.484213560121867
362,6.287996767654308
363,6.287996767654308
364,5.484213560121867
365,6.287996767654308
366,6.287996767654308
367,6.287996767654308
368,6.287996767654308
369,6.287996767654308
370,6.287996767654308
371,6.287996767654308
372,5.484213560121867
373,5.484213560121867
374,5.484213560121867
375,5.484213560121867
376,5.484213560121867
377,5.484213560121867
378,5.484213560121867
379,5.484213560121867
380,5.484213560121867
381,5.199533295348639
382,5.484213560121867
383,5.484213560121867
384,5.199533295348639
385,5.484213560121867
386,5.484213560121867
387,5.199533295348639
388,5.484213560121867
389,5.484213560121867
390,5.484213560121867
391,5.484213560121867
392,5.000751020678496
393,5.199533295348639
394,4.966846983084885
395,4.966846983084885
396,4.966846983084885
397,5.199533295348639
398,4.966846983084885
399,5.514937586929165
400,5.514937586929165
401,4.686795918113909
402,4.793732651126649
403,4.793732651126649
404,4.793732651126649
405,4.110591934392725
406,4.686795918113909
407,4.686795918113909
408,4.686795918113909
409,4.686795918113909
410,5.264126432852837
411,4.686795918113909
412,5.264126432852837
413,5.842248623917229
414,5.264126432852837
415,5.842248623917229
416,5.813254864485119
417,28.762397015550267
418,27.56856020465609
419,20.154480370566613
420,9.463292977306166
421,9.93369396616977
422,11.770944089171582
423,11.626509728970237
424,10.152412846120002
425,11.684497247834457
426,10.922114055204158
427,11.984331905014216
428,11.227259818264823
429,12.549092063308086
431,11.984331905014216
432,11.984331905014216
433,11.770944089171582
434,11.582827823482939
435,12.138432699676883
436,11.770944089171582
437,12.42731916072552
438,11.770944089171582
439,11.770944089171582
440,12.318066719021283
441,12.318066719021283
442,12.318066719021283
443,12.318066719021283
444,11.770944089171582
445,11.770944089171582
446,12.138432699676883
447,12.138432699676883
448,13.115300301827522
449,11.770944089171582
450,12.318066719021283
451,12.318066719021283
452,11.770944089171582
453,12.138432699676883
454,12.138432699676883
455,11.984331905014216
456,11.770944089171582
457,12.318066719021283
458,12.318066719021283
459,12.318066719021283
460,12.318066719021283
461,12.318066719021283
462,12.318066719021283
463,12.318066719021283
464,12.318066719021283
465,12.318066719021283
466,12.318066719021283
467,12.318066719021283
468,12.318066719021283
469,12.318066719021283
470,12.318066719021283
471,11.770944089171582
472,12.318066719021283
473,12.318066719021283
474,12.318066719021283
475,12.318066719021283
476,12.318066719021283
477,12.318066719021283
478,12.318066719021283
479,12.318066719021283
480,11.984331905014216
481,11.770944089171582
482,12.318066719021283
483,12.318066719021283
484,12.138432699676883
485,12.318066719021283
486,12.318066719021283
487,11.770944089171582
488,12.522134042998594
489,11.984331905014216
490,12.522134042998594
491,12.318066719021283
492,12.522134042998594
493,12.69634053347305
494,12.69634053347305
495,11.770944089171582
496,11.770944089171582
497,12.138432699676883
498,12.138432699676883
499,11.984331905014216
500,12.138432699676883
501,11.984331905014216
502,11.984331905014216
503,11.984331905014216
504,11.984331905014216
505,11.984331905014216
506,11.984331905014216
507,11.984331905014216
508,11.984331905014216
509,11.984331905014216
510,11.984331905014216
511,11.984331905014216
512,11.984331905014216
513,11.984331905014216
514,11.984331905014216
515,11.287299708107238
516,10.719112278774144
517,10.719112278774144
518,10.719112278774144
519,10.719112278774144
520,11.856760028787155
521,34.82620080518878
522,25.821585576145218
523,17.449450986143372
524,13.963917448043562
525,13.383117528231281
526,14.000171566830195
527,14.251369134351094
528,13.963917448043562
529,17.01804948102697
530,14.579568866822154
531,14.251369134351094
532,13.48374358084294
533,14.579568866822154
534,13.963917448043562
535,12.42731916072552
536,13.383117528231281
537,11.641033774050403
538,12.802365286404989
539,13.48374358084294
540,12.998832961174005
541,13.57118057198208
542,12.42731916072552
543,12.42731916072552
544,12.42731916072552
545,11.856760028787155
546,11.984331905014216
547,12.549092063308086
548,11.984331905014216
549,11.984331905014216
550,11.984331905014216
551,11.984331905014216
552,11.421233823487668
553,12.138432699676883
554,12.868188626826695
555,12.138432699676883
556,11.421233823487668
557,11.421233823487668
558,11.421233823487668
559,11.984331905014216
560,11.984331905014216
561,11.641033774050403
562,11.984331905014216
563,11.984331905014216
564,11.984331905014216
565,12.42731916072552
566,14.717985821675757
567,11.984331905014216
568,11.984331905014216
569,12.42731916072552
570,12.42731916072552
571,13.48374358084294
572,13.48374358084294
573,12.841899207111396
574,12.841899207111396
575,12.841899207111396
576,12.802365286404989
577,12.263074042951287
578,12.802365286404989
579,12.802365286404989
580,12.802365286404989
581,12.802365286404989
582,12.20783521541875
583,12.20783521541875
584,12.20783521541875
585,12.20783521541875
586,12.789160701867262
587,13.370486188315773
588,13.370486188315773
589,13.370486188315773
590,13.370486188315773
591,13.370486188315773
592,13.370486188315773
593,13.370486188315773
594,13.370486188315773
595,13.370486188315773
596,13.370486188315773
597,13.370486188315773
598,13.370486188315773
599,13.383117528231281
600,14.000171566830195
601,14.000171566830195
602,13.963917448043562
603,13.963917448043562
604,14.000171566830195
605,14.000171566830195
606,14.000171566830195
607,14.000171566830195
608,14.000171566830195
609,14.579568866822154
610,14.579568866822154
611,14.579568866822154
612,14.579568866822154
613,14.060387754341727
614,14.579568866822154
615,14.060387754341727
616,14.579568866822154
617,14.717985821675757
618,14.060387754341727
619,15.292286012328566
620,14.060387754341727
621,14.060387754341727
622,30.105700986143372
623,38.4422766689217
624,28.383926945202692
625,20.412722083319533
626,16.534596920696945
627,18.683984838843973
628,19.042292665070796
629,18.92658595461233
630,18.638712927963514
631,23.253019457940475
632,19.042292665070796
633,20.871122633989184
634,19.610583211908466
635,21.720112333770146
637,16.948405248984052
640,21.12860149896631
641,21.31967047341505
642,20.871122633989184
643,20.871122633989184
644,20.749330881970298
645,20.64319525000118
646,20.749330881970298
647,20.871122633989184
648,20.07046732409558
649,21.43822455754829
650,21.31967047341505
651,20.07046732409558
653,21.704547134530866
654,21.12860149896631
655,20.64319525000118
656,21.704547134530866
657,21.704547134530866
658,21.704547134530866
659,21.704547134530866
660,21.704547134530866
661,21.704547134530866
662,21.704547134530866
663,20.749330881970298
664,20.749330881970298
665,20.749330881970298
666,21.704547134530866
667,21.704547134530866
668,21.704547134530866
669,21.704547134530866
670,21.704547134530866
671,21.704547134530866
672,21.12860149896631
673,21.31967047341505
674,21.21638886786294
675,21.12860149896631
676,21.12860149896631
677,21.12860149896631
678,21.12860149896631
679,21.12860149896631
680,21.12860149896631
681,21.12860149896631
682,21.21638886786294
683,20.749330881970298
684,20.749330881970298
685,20.749330881970298
686,21.21638886786294
687,21.31967047341505
688,21.31967047341505
689,21.21638886786294
690,20.749330881970298
691,20.64319525000118
692,21.21638886786294
693,21.31967047341505
694,21.31967047341505
695,21.21638886786294
696,21.21638886786294
697,21.21638886786294
698,20.749330881970298
699,20.749330881970298
700,20.749330881970298
701,20.749330881970298
702,20.749330881970298
703,20.749330881970298
704,20.64319525000118
705,20.64319525000118
706,20.64319525000118
707,20.64319525000118
708,20.64319525000118
709,20.64319525000118
710,19.977646046910998
711,19.977646046910998
712,19.977646046910998
713,19.977646046910998
714,19.977646046910998
715,19.977646046910998
716,19.977646046910998
717,19.40269166993883
718,19.40269166993883
719,19.40269166993883
720,18.828127587177534
721,19.40269166993883
722,18.828127587177534
723,18.828127587177534
724,18.92658595461233
725,19.40269166993883
726,19.32415383032373
727,18.828127587177534
728,18.92658595461233
729,18.92658595461233
730,18.92658595461233
731,18.92658595461233
732,18.92658595461233
733,18.92658595461233
734,18.92658595461233
735,18.92658595461233
736,18.25399038870938
737,40.24603466995302
738,40.26282175618202
739,27.76399781316971
740,22.790627261932357
741,20.346392025697916
742,22.462043887992657
743,22.574599416214475
744,21.05650573141135
745,21.000256795850106
746,24.99699591728601
747,21.634369574319113
748,21.43822455754829
749,20.749330881970298
750,22.671693971491965
751,23.66358900955156
752,23.151063965673032
753,21.882869454865432
754,21.000256795850106
755,21.000256795850106
756,21.12860149896631
757,21.000256795850106
758,20.420998094654625
759,21.31967047341505
760,21.31967047341505
763,21.54044394192422
765,21.05650573141135
767,21.000256795850106
768,20.93578950605311
769,20.346392025697916
770,20.379582556687275
771,19.841856925238552
772,19.90137900997734
773,20.47883481802828
774,19.32415383032373
775,20.420998094654625
776,19.841856925238552
777,19.90137900997734
778,19.90137900997734
779,19.841856925238552
780,19.32415383032373
781,19.218940711943947
782,19.218940711943947
783,19.218940711943947
784,19.218940711943947
785,19.218940711943947
786,19.218940711943947
787,19.218940711943947
788,19.218940711943947
789,19.218940711943947
790,19.218940711943947
791,19.218940711943947
792,19.799232805765946
793,19.262848810667094
794,19.841856925238552
795,19.841856925238552
796,19.32415383032373
797,19.32415383032373
798,19.32415383032373
799,18.683984838843973
800,19.218940711943947
801,19.218940711943947
802,19.218940711943947
803,19.32415383032373
804,19.841856925238552
805,20.420998094654625
806,20.420998094654625
807,20.420998094654625
808,20.420998094654625
809,19.90137900997734
810,19.90137900997734
811,19.90137900997734
812,19.90137900997734
813,19.90137900997734
814,19.90137900997734
815,19.90137900997734
816,19.90137900997734
817,19.90137900997734
818,21.05650573141135
819,21.05650573141135
820,21.05650573141135
821,21.05650573141135
822,21.05650573141135
823,21.05650573141135
824,21.05650573141135
825,21.05650573141135
826,21.05650573141135
827,21.05650573141135
828,21.05650573141135
829,21.05650573141135
830,21.634369574319113
831,21.634369574319113
832,22.280774402849858
833,22.280774402849858
834,22.280774402849858
835,22.280774402849858
836,39.47024509293733
837,48.37592073952474
838,37.72798060592585
839,29.601970867493932
840,25.637705998467208
841,26.262791005729046
842,27.36555399306459
843,27.933884456355646
844,26.96748716168588
845,30.832180437744523
846,28.50273826870219
847,29.624794208506994
848,29.234373595532194
849,31.803338878270782
850,29.624794208506994
851,28.626960489216053
852,30.21215151457808
853,28.961447063095196
854,30.457238538360006
861,30.457238538360006
865,32.72506300886086
866,30.74437089304046
867,30.595620011921714
868,30.595620011921714
869,30.595620011921714
870,31.461472195676958
871,30.903342603806433
872,30.903342603806433
873,30.903342603806433
874,30.903342603806433
875,31.461472195676958
876,31.461472195676958
877,30.903342603806433
878,30.903342603806433
879,30.903342603806433
880,30.903342603806433
881,31.3053345531013
882,30.457238538360006
883,30.457238538360006
884,30.457238538360006
885,30.457238538360006
886,30.457238538360006
887,30.346082303587394
888,30.74437089304046
889,29.965059797803942
890,30.032649441287923
891,30.032649441287923
892,29.891664527933237
893,29.891664527933237
894,29.891664527933237
895,29.891664527933237
896,29.47039293165357
897,29.47039293165357
898,28.762397015550267
899,29.193885006315668
900,28.626960489216053
901,29.47039293165357
902,28.626960489216053
903,28.626960489216053
904,28.626960489216053
905,28.060623631013488
906,28.060623631013488
907,29.072086601554552
908,28.060623631013488
909,28.50273826870219
910,28.50273826870219
911,28.50273826870219
912,27.71526869390999
913,27.71526869390999
914,27.71526869390999
915,27.71526869390999
916,27.623667086134382
917,27.623667086134382
918,27.623667086134382
919,28.389878931918496
920,27.623667086134382
921,28.389878931918496
922,28.389878931918496
923,27.623667086134382
924,27.623667086134382
925,27.54403376163195
926,27.623667086134382
927,27.623667086134382
928,27.623667086134382
929,27.623667086134382
930,27.71526869390999
931,27.71526869390999
932,27.71526869390999
933,27.71526869390999
934,27.71526869390999
935,27.048819153037908
936,27.623667086134382
937,27.623667086134382
938,27.048819153037908
939,27.048819153037908
940,26.96748716168588
941,52.903812583085355
942,46.33496143183571
943,35.95299571504265
944,31.584756379536284
945,30.279191198037648
946,31.47758070219842
947,31.353875177997814
948,31.47758070219842
949,34.376936687182734
950,32.559416380056675
951,30.279191198037648
952,30.279191198037648
954,31.396958336684342
955,30.234513598796475
956,30.234513598796475
957,30.251276291637296
959,30.279191198037648
960,30.279191198037648
961,30.279191198037648
970,29.274804527649387
971,29.21124422837652
972,29.21124422837652
973,29.789740081796204
974,29.852067406175635
975,29.852067406175635
976,29.274804527649387
977,29.274804527649387
978,29.274804527649387
979,29.852067406175635
980,29.852067406175635
981,29.274804527649387
982,28.69770353251742
983,29.274804527649387
984,29.274804527649387
985,29.274804527649387
986,29.274804527649387
987,29.274804527649387
988,28.77414354074908
989,28.579701625989337
990,28.054600681713886
991,28.054600681713886
992,28.054600681713886
993,28.054600681713886
994,28.054600681713886
995,28.054600681713886
996,28.054600681713886
997,28.054600681713886
998,28.054600681713886
999,28.632861471574753
1000,28.054600681713886
1001,28.632861471574753
1002,29.21124422837652
1003,29.21124422837652
1004,29.21124422837652
1005,29.21124422837652
1006,27.90967734495858
1007,27.90967734495858
1008,27.90967734495858
1009,28.50866586202981
1010,28.50866586202981
1011,28.50866586202981
1012,28.50866586202981
1013,29.072086601554552
1014,29.118547135713577
1015,27.90967734495858
1016,29.072086601554552
1017,29.072086601554552
1018,29.066274322425595
1019,29.072086601554552
1020,29.698848099858548
1021,29.08951900377994
1022,29.118547135713577
1023,29.698848099858548
1024,29.698848099858548
1025,29.08951900377994
1026,29.08951900377994
1027,28.484948835977082
1028,29.08951900377994
1029,29.066274322425595
1030,29.072086601554552
1031,29.066274322425595
1032,29.066274322425595
1033,29.066274322425595
1034,29.066274322425595
1035,29.072086601554552
1036,28.484948835977082
1037,29.066274322425595
1038,29.066274322425595
1039,29.066274322425595
1040,29.653298991385142
1041,29.653298991385142
1042,29.653298991385142
1043,30.234513598796475
1044,29.653298991385142
1045,46.63665442167859
1046,54.45874915436254
1047,44.215144952904495
1048,36.94962528798982
1049,34.612062338264444
1050,34.898901972286744
1051,35.63198094418083
1052,35.63198094418083
1053,34.923102430941576
1054,40.11567196836015
1055,35.53701304883645
1056,35.693574249334134
1057,37.57090049153416
1058,37.494367344911275
1059,37.494367344911275
1060,35.693574249334134
1061,37.494367344911275
1062,36.21055884808803
1063,37.494367344911275
1064,38.07127097535706
1065,37.494367344911275
1066,38.230715030821415
1067,38.230715030821415
1068,38.07127097535706
1069,37.57090049153416
1070,38.230715030821415
1071,38.230715030821415
1072,37.75036486595168
1073,38.42469125362501
1074,37.75036486595168
1075,37.75036486595168
1076,38.32341877622659
1077,37.75036486595168
1078,37.75036486595168
1079,37.75036486595168
1080,37.75036486595168
1081,37.75036486595168
1082,37.65625517435507
1083,38.230715030821415
1084,37.75036486595168
1085,38.32341877622659
1086,37.75036486595168
1087,37.75036486595168
1088,37.65625517435507
1089,38.230715030821415
1090,38.230715030821415
1091,38.230715030821415
1092,38.230715030821415
1093,37.57090049153416
1094,38.07127097535706
1095,38.07127097535706
1096,38.146646544831796
1097,38.07127097535706
1098,38.07127097535706
1099,38.07127097535706
1100,38.07127097535706
1101,37.494367344911275
1102,37.494367344911275
1103,37.494367344911275
1104,37.42670895642424
1105,37.42670895642424
1106,37.42670895642424
1107,37.42670895642424
1108,37.42670895642424
1109,37.42670895642424
1110,37.42670895642424
1111,37.42670895642424
1112,37.42670895642424
1113,36.84888281238912
1114,36.84888281238912
1115,36.84888281238912
1116,36.84888281238912
1117,36.84888281238912
1118,37.367969677687945
1119,37.31819829547874
1120,37.31819829547874
1121,36.84888281238912
1122,37.31819829547874
1123,37.89778519862427
1124,37.89778519862427
1125,37.31819829547874
1126,37.89778519862427
1127,37.367969677687945
1128,37.27742585592703
1129,37.27742585592703
1130,37.27742585592703
1131,37.27742585592703
1132,37.27742585592703
1133,37.27742585592703
1134,37.27742585592703
1135,37.27742585592703
1136,37.27742585592703
1137,37.27742585592703
1138,37.27742585592703
1139,37.245683405163234
1140,37.245683405163234
1141,37.245683405163234
1142,37.245683405163234
1143,37.245683405163234
1144,37.245683405163234
1145,37.245683405163234
1146,36.66500545229185
1147,36.641955918042946
1148,36.641955918042946
1149,36.66500545229185
1150,36.69725129388444
1151,36.69725129388444
1152,36.69725129388444
1153,36.69725129388444
1154,36.11711221313375
1155,36.11711221313375
1156,36.08434745764716
1157,36.66500545229185
1158,64.75976208611073
1159,58.85184757000459
1160,48.40036734964211
1161,43.11616959347901
1162,42.69082873653485
1163,43.033795339177495
1164,43.49076333268678
1165,42.536187960961115
1166,44.24188897667223
1167,44.822420569214536
1168,42.45268274048037
1169,43.60328781477819
1170,43.66137512477587
1171,44.36774111903264
1172,42.57986099612544
1173,43.59941148363839
1174,43.60328781477819
1175,43.01808599718988
1176,41.85947102124619
1177,43.66137512477587
1178,43.78889932301695
1179,43.21012405442357
1180,43.69619114245029
1181,42.47257887491189
1182,43.022015550267525
1183,43.05342092875829
1184,42.47257887491189
1185,42.50041838356696
1186,43.66137512477587
1187,44.24188897667223
1188,43.66137512477587
1189,42.50041838356696
1190,42.50041838356696
1191,42.50041838356696
1192,42.50041838356696
1193,42.50041838356696
1194,43.05342092875829
1195,43.05342092875829
1196,42.47257887491189
1197,42.47257887491189
1198,42.47257887491189
1199,42.47257887491189
1200,43.66137512477587
1201,43.08088788384844
1202,43.08088788384844
1203,43.08088788384844
1204,43.08088788384844
1205,43.66137512477587
1206,43.033795339177495
1207,44.215144952904495
1208,43.033795339177495
1209,43.033795339177495
1210,43.033795339177495
1211,43.033795339177495
1212,43.61491237303611
1213,44.215144952904495
1214,44.215144952904495
1215,44.215144952904495
1216,43.63427628808917
1217,43.63427628808917
1218,43.63427628808917
1219,43.63427628808917
1220,43.63427628808917
1221,43.033795339177495
1222,43.033795339177495
1223,43.033795339177495
1224,43.63427628808917
1225,43.63427628808917
1226,43.033795339177495
1227,43.61491237303611
1228,44.18456007928886
1229,43.61491237303611
1230,44.18456007928886
1231,44.19603384205621
1232,44.19603384205621
1233,44.19603384205621
1234,44.19603384205621
1235,44.19603384205621
1236,44.19603384205621
1237,44.19603384205621
1238,44.19603384205621
1239,44.215144952904495
1240,44.19603384205621
1241,44.19603384205621
1242,44.19603384205621
1243,43.63427628808917
1244,44.19603384205621
1245,44.19603384205621
1246,44.19603384205621
1247,44.19603384205621
1248,43.63427628808917
1249,43.63427628808917
1250,43.63427628808917
1251,43.63427628808917
1252,43.63427628808917
1253,43.63427628808917
1254,43.63427628808917
1255,43.033795339177495
1256,43.63427628808917
1257,44.215144952904495
1258,44.215144952904495
1259,44.215144952904495
1260,44.215144952904495
1261,44.215144952904495
1262,44.215144952904495
1263,44.215144952904495
1264,44.822420569214536
1265,44.215144952904495
1266,44.215144952904495
1267,44.215144952904495
1268,44.215144952904495
1269,44.215144952904495
1270,44.215144952904495
1271,44.215144952904495
1272,44.215144952904495
1273,44.215144952904495
1274,43.63427628808917
1275,44.215144952904495
1276,44.215144952904495
1277,44.822420569214536
1278,44.215144952904495
1279,44.215144952904495
1280,44.822420569214536
1281,44.215144952904495
1282,44.215144952904495
1283,44.215144952904495
1284,44.215144952904495
1285,44.215144952904495
1286,44.215144952904495
1287,44.215144952904495
1288,44.215144952904495
1289,44.215144952904495
1290,44.215144952904495
1291,44.215144952904495
1292,43.63427628808917
1293,43.63427628808917
1294,43.63427628808917
1295,43.63427628808917
1296,43.63427628808917
1297,44.215144952904495
1298,43.63427628808917
1299,44.215144952904495
1300,44.7771597462378
1301,43.63427628808917
1302,44.215144952904495
1303,44.215144952904495
1304,44.215144952904495
1305,44.215144952904495
1306,44.215144952904495
1307,44.215144952904495
1308,44.215144952904495
1309,44.215144952904495
1310,44.215144952904495
1311,44.215144952904495
1312,44.215144952904495
1313,44.215144952904495
1314,44.215144952904495
1315,44.215144952904495
1316,44.215144952904495
1317,44.215144952904495
1318,44.215144952904495
1319,44.215144952904495
1320,44.215144952904495
1321,44.215144952904495
1322,44.215144952904495
1323,44.215144952904495
1324,44.215144952904495
1325,44.215144952904495
1326,44.215144952904495
1327,44.215144952904495
1328,44.215144952904495
1329,44.215144952904495
1330,44.215144952904495
1331,44.215144952904495
1332,44.215144952904495
1333,44.215144952904495
1334,44.215144952904495
1335,44.215144952904495
1336,44.215144952904495
1337,44.215144952904495
1338,44.215144952904495
1339,44.215144952904495
1340,44.215144952904495
1341,44.215144952904495
1342,44.215144952904495
1343,44.215144952904495
1344,44.215144952904495
1345,44.215144952904495
1346,44.7771597462378
1347,44.215144952904495
1348,44.215144952904495
1349,44.215144952904495
1350,44.215144952904495
1351,44.215144952904495
1352,44.215144952904495
1353,44.215144952904495
1354,44.215144952904495
1355,44.215144952904495
1356,44.215144952904495
1357,44.215144952904495
1358,44.215144952904495
1359,44.215144952904495
1360,44.215144952904495
1361,44.215144952904495
1362,44.215144952904495
1363,44.215144952904495
1364,44.215144952904495
1365,44.215144952904495
1366,44.215144952904495
1367,44.215144952904495
1368,44.822420569214536
1369,44.215144952904495
1370,45.402969902402795
1371,45.402969902402795
1372,44.822420569214536
1373,44.822420569214536
1374,44.822420569214536
1375,44.822420569214536
1376,44.822420569214536
1377,44.822420569214536
1378,44.215144952904495
1379,44.822420569214536
1380,44.822420569214536
1381,44.822420569214536
1382,44.822420569214536
1383,44.822420569214536
1384,44.822420569214536
1385,44.822420569214536
1386,44.822420569214536
1387,45.37691332866557
1388,44.7960224880428
1389,45.402969902402795
1390,44.7960224880428
1391,45.358290085580876
1392,44.7960224880428
1393,45.37691332866557
1394,45.95781303961131
1395,45.95781303961131
1396,45.95781303961131
1397,45.939429295246924
1398,45.939429295246924
1399,46.53872605604152
1400,46.53872605604152
1401,45.95781303961131
1402,45.95781303961131
1403,45.95781303961131
1404,44.7960224880428
1405,44.822420569214536
1406,45.939429295246924
1407,45.358290085580876
1408,45.92471342943244
1409,45.92839461346681
1410,45.92839461346681
1411,46.50967131313896
1412,47.0909524479726
1413,46.50603891588095
1414,45.92471342943244
1415,45.92839461346681
1416,44.7960224880428
1417,45.37691332866557
1418,45.92471342943244
1419,44.822420569214536
